<?xml version="1.0" encoding="utf-8"?>
<install type="module" version="2.5.0" client="site" method="upgrade">
    <!-- Name of the Module -->
    <name>MOD_MSCLASS_TAB</name>
    <author>hVenus</author>
    <creationDate>2012-09-19</creationDate>
    <copyright>All rights reserved.</copyright>
    <license>BSD License</license>
    <authorEmail>kevin@fm618.com</authorEmail>
    <authorUrl>www.fm618.com</authorUrl>
    <version>0.0.2</version>
    <description>Tab图文切换。</description>
    <files>
        <filename module="mod_msclass_tab">mod_msclass_tab.php</filename>
        <filename>index.html</filename>
        <filename>helper.php</filename>
        <filename>tmpl/default.php</filename>
        <filename>tmpl/index.html</filename>
        <folder module="mod_msclass_tab">assets</folder>
    </files>

    <languages>
        <language tag="en-GB">en-GB.mod_msclass_tab.ini</language>
    </languages>

    <config>
        <fields name="params">
            <fieldset name="basic">
                <field
                        name="path_to_xml"
                        type="text"
                        default="slideshow/msclass.php"
                        label="JSON文件路径"
                        description="用于显示的slideshow数据的JSON文件。文件格式参见模块内说明文件。" />
                <field
                        name="slideshow_width"
                        type="text"
                        size="6"
                        default="320"
                        label="宽度"
                        description="设置slideshow区域的宽度。" />
                <field
                        name="slideshow_height"
                        type="text"
                        size="6"
                        default="240"
                        label="高度"
                        description="设置slideshow区域的高度" />
                <field
                        name="url_target"
                        type="list"
                        default="_blank"
                        label="链接打开的方式"
                        description="链接的打开方式。">
                    <option value="_blank">新页面</option>
                    <option value="_self">当前页面</option>
                </field>

                <field name="target_id"
                       type="text"
                       default="ms_class_1"
                       label="容器ID"
                       description="容器ID，通过new Mraquee()第一个参数指定ID" />

                <field name="direction"
                       type="list"
                       default="0"
                       label="滚动方向"
                       description="滚动方向(默认为0向上滚动) 值:上，下，左，右，上下交替，左右交替" >
                    <option value="0">上</option>
                    <option value="1">下</option>
                    <option value="2">左</option>
                    <option value="3">右</option>
                    <option value="4">左右交替</option>
                    <option value="-1">上下交替</option>
                </field>

                <field name="step"
                       type="text"
                       default="0.2"
                       label="滚动的步长"
                       description="滚动的步长(数值越大,滚动越快,小于1切换为缓动。若为数组[0.5,20]形式，则可设置Tween的缓动类别,0.5为系数，20为缓动类别)" />

                <field name="width"
                       type="text"
                       default="570"
                       label="容器可视宽度"
                       description="容器可视宽度(默认值为容器初始设置的宽度)" />

                <field name="height"
                       type="text"
                       default="178"
                       label="容器可视高度"
                       description="容器可视高度(默认值为容器初始设置的高度)" />

                <field name="timer"
                       type="text"
                       default="20"
                       label="频率/执行周期"
                       description="定时器，即频率/执行周期(默认值为30,数值越小,滚动的速度越快,1000=1秒,建议不小于20)" />

                <field name="delayTime"
                       type="text"
                       default="5000"
                       label="间歇停顿延迟时间"
                       description="间歇停顿延迟时间(默认为0不停顿,1000=1秒)" />

                <field name="waitTime"
                       type="text"
                       default="0"
                       label="开始时的等待时间"
                       description="开始时的等待时间(默认或0为不等待,1000=1秒)" />

                <field name="scrollStep"
                       type="text"
                       default="0"
                       label="间歇滚动间距"
                       description="间歇滚动间距(默认为翻屏宽/高度,该数值为-2，DelayTime为0则为鼠标悬停控制,-1禁止鼠标控制)" />

                <field name="switchType"
                       type="text"
                       default="2"
                       label="轮显类型"
                       description="轮显类型(默认为0滚动,可选值1切入,2渐显)" />

                <field name="hiddenID"
                       type="text"
                       default=""
                       label="隐藏区域ID"
                       description="隐藏区域ID(可选,如果隐藏区域只有一层，可以用'hiddenID'的形式，如果多层，请用数组['hiddenID1','hiddenID2']的形式全包含进去)" />

                <field name="MSClassID"
                       type="text"
                       default="ms_class_1"
                       label="容器ID"
                       description="容器ID" />

                <field name="ContentID"
                       type="text"
                       default="ms_content"
                       label="内容区域ID"
                       description="针对DIV+CSS的应用，属显示容器内的内容区域ID，即实际内容容器UL或DL的ID。" />

                <field name="TabID"
                       type="text"
                       default="slider"
                       label="页码/TAB的ID"
                       description="可选，如果需要页码/TAB支持，将相关ID传递进来即可，若多个Tab应用请以数组形式传递，如：['tabid1','tabid2']。" />

                <field name="TabEvent"
                       type="text"
                       default="onclick"
                       label="针对页码/TAB鼠标响应方式"
                       description="可选，针对页码/TAB鼠标响应方式，默认'onmouseover'，鼠标划过即切换(可选值:'onclick')" />

                <field name="TabTimeout"
                       type="text"
                       default=""
                       label="针对页码/TAB鼠标响应延迟时间"
                       description="可选，针对页码/TAB鼠标响应延迟时间，鼠标响应事件(TabEvent)在设定时间后方有效。" />

                <field name="ContextMenu"
                       type="text"
                       default=""
                       label="右键菜单相关"
                       description='右键菜单相关，可选 ，默认关闭，格式:[1,["menu1"],[],["menu2","fn()"]]。(0/1,开启/关闭；["menu1"]不可点击，[]分隔线,["menu2","fn()"]可点击及点击事件)' />

                <field name="PrevBtnID"
                       type="text"
                       default=""
                       label="执行下一次滚动的元素ID"
                       description="执行下一次滚动的元素ID，可选，针对间歇滚动有效" />

                <field name="NextBtnID"
                       type="text"
                       default=""
                       label="执行上一次滚动的元素ID"
                       description="执行上一次滚动的元素ID，针对间歇滚动有效" />

                <!--field name="AutoStart"
                       type="text"
                       default="0"
                       label="自动执行"
                       description="针对对象赋值设置是否使应用自动执行(省去Start步骤)。可选值：0,1,true,false" /-->
                <field name="limit_desc"
                       type="text"
                       default="10"
                       label="简介显示的字符数"
                       description="超过此大小的字符将会被截断." />

                <field name="limit_keywords"
                       type="text"
                       default="10"
                       label="关键字显示的字符数"
                       description="超过此大小的字符将会被截断." />

            </fieldset>
        </fields>
    </config>

</install>